name,category
Jeffrey Epstein,Inner Circle
Ghislaine Maxwell,Inner Circle
William Daniel Hillis,Academia & Science
Noam Chomsky,Academia & Science
Martin A. Nowak,Academia & Science
Ehud Barak,Politics & Government
Terje Rød-Larsen,Politics & Government
Karyna Shuliak,Inner Circle
Bill Clinton,Politics & Government
Woody Allen,Entertainment & Media
"Prince Andrew, Duke of York",Royalty & Aristocracy
Glenn Dubin,Finance & Business
Jean-Luc Brunel,Fashion & Modeling
Renata Bolotova,Fashion & Modeling
George M. Church,Academia & Science
Lawrence Summers,Politics & Government
Joi Ito,Finance & Business
Svetlana Pozhidaeva,Inner Circle
Alan Dershowitz,Academia & Science
Jennifer Kalin,Inner Circle
Valeria Chomsky,Miscellaneous
Susan Hamblin,Miscellaneous
Bill Gates,Finance & Business
Boris Nikolic,Fashion & Modeling
Seth Lloyd,Academia & Science
Enkhtuvshin Tsagaandari,Politics & Government
Fabrice Aidan,Politics & Government
Joscha Bach,Academia & Science
Julia Stepanova,Fashion & Modeling
Sarah Kellen,Inner Circle
Chris Tucker,Entertainment & Media
Donald Trump,Politics & Government
Steve Bannon,Politics & Government
Lundegiin Purevsuren,Politics & Government
Julian Kates-Harbeck,Academia & Science
Nadia Marcinko,Fashion & Modeling
Kevin Spacey,Entertainment & Media
Jojo Fontanilla,Miscellaneous
Tsakhiagiin Elbegdorj,Politics & Government
Peter Attia,Academia & Science
Reid Hoffman,Finance & Business
Ahmed bin Sulayem,Finance & Business
Virginia Giuffre,Alleged Victim
Mikhael Gromov,Academia & Science
Doug Band,Politics & Government
Eva Dubin,Miscellaneous
Stephen Hanson,Miscellaneous
Warren Eisenstein,Miscellaneous
Jordan Dubin,Miscellaneous
Yulia Silinskaya,Fashion & Modeling
person_483,Unknown
Celina Dubin,Miscellaneous
Edward Boyden,Academia & Science
Soon-Yi Previn,Miscellaneous
Peter Mandelson,Politics & Government
person_1769,Unknown
Barnaby Marsh,Academia & Science
Ronald Burkle,Finance & Business
person_361,Unknown
Mohammad bin Salman,Politics & Government
Jes Staley,Finance & Business
Sam Jaradeh,Miscellaneous
Brett Ratner,Entertainment & Media
Terry Kafka,Finance & Business
David Blaine,Entertainment & Media
Dean Kamen,Academia & Science
Igor Zinoviev,Miscellaneous
Pablos Holman,Academia & Science
Steven Pinker,Academia & Science
Lawrence M. Krauss,Academia & Science
Miles Alexander,Miscellaneous
Bobby Slayton,Entertainment & Media
Jackie Martling,Entertainment & Media
Jordan Feldman,Finance & Business
"Sarah, Duchess of York",Royalty & Aristocracy
Richard Dawkins,Academia & Science
Richard Branson,Finance & Business
Shing-Tung Yau,Academia & Science
person_2757,Unknown
Valdson Vieira Cotrin,Miscellaneous
Shelley Lewis,Inner Circle
person_979,Unknown
person_338,Unknown
person_92,Unknown
person_306,Unknown
Margherita Campello,Fashion & Modeling
Andrew Farkas,Finance & Business
Deepak Chopra,Miscellaneous
Barry Josephson,Entertainment & Media
Max Martini,Entertainment & Media
Brian Vickers,Entertainment & Media
David Stern,Finance & Business
Harry Beller,Miscellaneous
Leon Black,Finance & Business
Jack Lang,Politics & Government
Mark Epstein,Miscellaneous
Juan Pablo Molyneux,Miscellaneous
Walter Cronkite,Entertainment & Media
Teala Davies,Alleged Victim
person_1516,Unknown
John Brockman,Academia & Science
Story Cowles,Inner Circle
person_330,Unknown
Melusine Ruspoli,Royalty & Aristocracy
person_959,Unknown
Benoit Mandelbrot,Academia & Science
Bill Gould,Miscellaneous
person_291,Unknown
David Copperfield,Entertainment & Media
Gerald Miley,Miscellaneous
Luisa Bryant,Miscellaneous
Ted Waitt,Finance & Business
person_1597,Unknown
Hardeep Singh Puri,Politics & Government
Henry Jarecki,Finance & Business
Jabor al Thani,Politics & Government
Sarah Ransome,Alleged Victim
person_44,Unknown
Manuela Stotter,Alleged Victim
Marvin Minsky,Academia & Science
person_2489,Unknown
person_2892,Unknown
Joshua Fink,Finance & Business
Lars Christiaanse,Miscellaneous
Unknown Victim,Alleged Victim
Andre Assaf,Finance & Business
Brock Pierce,Finance & Business
Dan Bilzerian,Entertainment & Media
Gérald Marie,Fashion & Modeling
Jason Gutman,Entertainment & Media
person_11,Unknown
person_137,Unknown
person_2034,Unknown
person_712,Unknown
person_915,Unknown
